obsnme,obsval,weight,obgnme
oname:heads.csv_otype:lst_usecol:trgw-0-13-10_time:3652.5,34.79735823,1.0,oname:heads.csv_otype:lst_usecol:trgw-0-13-10
oname:heads.csv_otype:lst_usecol:trgw-0-13-10_time:3683.5,34.76849387,1.0,oname:heads.csv_otype:lst_usecol:trgw-0-13-10
oname:heads.csv_otype:lst_usecol:trgw-0-13-10_time:3712.5,34.82123045,1.0,oname:heads.csv_otype:lst_usecol:trgw-0-13-10
oname:heads.csv_otype:lst_usecol:trgw-0-13-10_time:3743.5,34.92098285,1.0,oname:heads.csv_otype:lst_usecol:trgw-0-13-10
oname:heads.csv_otype:lst_usecol:trgw-0-13-10_time:3773.5,35.008383,1.0,oname:heads.csv_otype:lst_usecol:trgw-0-13-10
oname:heads.csv_otype:lst_usecol:trgw-0-13-10_time:3804.5,35.04235437,1.0,oname:heads.csv_otype:lst_usecol:trgw-0-13-10
oname:heads.csv_otype:lst_usecol:trgw-0-13-10_time:3834.5,34.99491657,1.0,oname:heads.csv_otype:lst_usecol:trgw-0-13-10
oname:heads.csv_otype:lst_usecol:trgw-0-13-10_time:3865.5,34.86226213,1.0,oname:heads.csv_otype:lst_usecol:trgw-0-13-10
oname:heads.csv_otype:lst_usecol:trgw-0-13-10_time:3896.5,34.67291569,1.0,oname:heads.csv_otype:lst_usecol:trgw-0-13-10
oname:heads.csv_otype:lst_usecol:trgw-0-13-10_time:3926.5,34.47515507,1.0,oname:heads.csv_otype:lst_usecol:trgw-0-13-10
oname:heads.csv_otype:lst_usecol:trgw-0-13-10_time:3957.5,34.30549856,1.0,oname:heads.csv_otype:lst_usecol:trgw-0-13-10
oname:heads.csv_otype:lst_usecol:trgw-0-13-10_time:3987.5,34.20890326,1.0,oname:heads.csv_otype:lst_usecol:trgw-0-13-10
oname:heads.csv_otype:lst_usecol:trgw-0-13-10_time:4018.5,34.20243858,1.0,oname:heads.csv_otype:lst_usecol:trgw-0-13-10
oname:heads.csv_otype:lst_usecol:trgw-0-13-10_time:4049.5,34.28250848,1.0,oname:heads.csv_otype:lst_usecol:trgw-0-13-10
oname:heads.csv_otype:lst_usecol:trgw-0-13-10_time:4077.5,34.41306818,1.0,oname:heads.csv_otype:lst_usecol:trgw-0-13-10
oname:heads.csv_otype:lst_usecol:trgw-0-13-10_time:4108.5,34.57807516,1.0,oname:heads.csv_otype:lst_usecol:trgw-0-13-10
oname:heads.csv_otype:lst_usecol:trgw-0-13-10_time:4138.5,34.71050623,1.0,oname:heads.csv_otype:lst_usecol:trgw-0-13-10
oname:heads.csv_otype:lst_usecol:trgw-0-13-10_time:4169.5,34.77715135,1.0,oname:heads.csv_otype:lst_usecol:trgw-0-13-10
oname:heads.csv_otype:lst_usecol:trgw-0-13-10_time:4199.5,34.75219094,1.0,oname:heads.csv_otype:lst_usecol:trgw-0-13-10
oname:heads.csv_otype:lst_usecol:trgw-0-13-10_time:4230.5,34.63645767,1.0,oname:heads.csv_otype:lst_usecol:trgw-0-13-10
oname:heads.csv_otype:lst_usecol:trgw-0-13-10_time:4261.5,34.45997932,1.0,oname:heads.csv_otype:lst_usecol:trgw-0-13-10
oname:heads.csv_otype:lst_usecol:trgw-0-13-10_time:4291.5,34.27236461,1.0,oname:heads.csv_otype:lst_usecol:trgw-0-13-10
oname:heads.csv_otype:lst_usecol:trgw-0-13-10_time:4322.5,34.11157544,1.0,oname:heads.csv_otype:lst_usecol:trgw-0-13-10
oname:heads.csv_otype:lst_usecol:trgw-0-13-10_time:4352.5,34.02708499,1.0,oname:heads.csv_otype:lst_usecol:trgw-0-13-10
oname:heads.csv_otype:lst_usecol:trgw-0-13-10_time:4383.5,34.0740681,1.0,oname:heads.csv_otype:lst_usecol:trgw-0-13-10
oname:heads.csv_otype:lst_usecol:trgw-0-15-16_time:3652.5,34.37874417,1.0,oname:heads.csv_otype:lst_usecol:trgw-0-15-16
oname:heads.csv_otype:lst_usecol:trgw-0-15-16_time:3683.5,34.35950788,1.0,oname:heads.csv_otype:lst_usecol:trgw-0-15-16
oname:heads.csv_otype:lst_usecol:trgw-0-15-16_time:3712.5,34.39971778,1.0,oname:heads.csv_otype:lst_usecol:trgw-0-15-16
oname:heads.csv_otype:lst_usecol:trgw-0-15-16_time:3743.5,34.46978825,1.0,oname:heads.csv_otype:lst_usecol:trgw-0-15-16
oname:heads.csv_otype:lst_usecol:trgw-0-15-16_time:3773.5,34.52604457,1.0,oname:heads.csv_otype:lst_usecol:trgw-0-15-16
oname:heads.csv_otype:lst_usecol:trgw-0-15-16_time:3804.5,34.54011557,1.0,oname:heads.csv_otype:lst_usecol:trgw-0-15-16
oname:heads.csv_otype:lst_usecol:trgw-0-15-16_time:3834.5,34.49631313,1.0,oname:heads.csv_otype:lst_usecol:trgw-0-15-16
oname:heads.csv_otype:lst_usecol:trgw-0-15-16_time:3865.5,34.39382619,1.0,oname:heads.csv_otype:lst_usecol:trgw-0-15-16
oname:heads.csv_otype:lst_usecol:trgw-0-15-16_time:3896.5,34.25776334,1.0,oname:heads.csv_otype:lst_usecol:trgw-0-15-16
oname:heads.csv_otype:lst_usecol:trgw-0-15-16_time:3926.5,34.12302298,1.0,oname:heads.csv_otype:lst_usecol:trgw-0-15-16
oname:heads.csv_otype:lst_usecol:trgw-0-15-16_time:3957.5,34.01544002,1.0,oname:heads.csv_otype:lst_usecol:trgw-0-15-16
oname:heads.csv_otype:lst_usecol:trgw-0-15-16_time:3987.5,33.96439746,1.0,oname:heads.csv_otype:lst_usecol:trgw-0-15-16
oname:heads.csv_otype:lst_usecol:trgw-0-15-16_time:4018.5,33.9785793,1.0,oname:heads.csv_otype:lst_usecol:trgw-0-15-16
oname:heads.csv_otype:lst_usecol:trgw-0-15-16_time:4049.5,34.04994278,1.0,oname:heads.csv_otype:lst_usecol:trgw-0-15-16
oname:heads.csv_otype:lst_usecol:trgw-0-15-16_time:4077.5,34.15037147,1.0,oname:heads.csv_otype:lst_usecol:trgw-0-15-16
oname:heads.csv_otype:lst_usecol:trgw-0-15-16_time:4108.5,34.26737999,1.0,oname:heads.csv_otype:lst_usecol:trgw-0-15-16
oname:heads.csv_otype:lst_usecol:trgw-0-15-16_time:4138.5,34.35417613,1.0,oname:heads.csv_otype:lst_usecol:trgw-0-15-16
oname:heads.csv_otype:lst_usecol:trgw-0-15-16_time:4169.5,34.3894483,1.0,oname:heads.csv_otype:lst_usecol:trgw-0-15-16
oname:heads.csv_otype:lst_usecol:trgw-0-15-16_time:4199.5,34.35965307,1.0,oname:heads.csv_otype:lst_usecol:trgw-0-15-16
oname:heads.csv_otype:lst_usecol:trgw-0-15-16_time:4230.5,34.26777675,1.0,oname:heads.csv_otype:lst_usecol:trgw-0-15-16
oname:heads.csv_otype:lst_usecol:trgw-0-15-16_time:4261.5,34.13968164,1.0,oname:heads.csv_otype:lst_usecol:trgw-0-15-16
oname:heads.csv_otype:lst_usecol:trgw-0-15-16_time:4291.5,34.01122277,1.0,oname:heads.csv_otype:lst_usecol:trgw-0-15-16
oname:heads.csv_otype:lst_usecol:trgw-0-15-16_time:4322.5,33.90907245,1.0,oname:heads.csv_otype:lst_usecol:trgw-0-15-16
oname:heads.csv_otype:lst_usecol:trgw-0-15-16_time:4352.5,33.86482819,1.0,oname:heads.csv_otype:lst_usecol:trgw-0-15-16
oname:heads.csv_otype:lst_usecol:trgw-0-15-16_time:4383.5,33.91556793,1.0,oname:heads.csv_otype:lst_usecol:trgw-0-15-16
oname:heads.csv_otype:lst_usecol:trgw-0-2-15_time:3652.5,34.62650382,1.0,oname:heads.csv_otype:lst_usecol:trgw-0-2-15
oname:heads.csv_otype:lst_usecol:trgw-0-2-15_time:3683.5,34.63356031,1.0,oname:heads.csv_otype:lst_usecol:trgw-0-2-15
oname:heads.csv_otype:lst_usecol:trgw-0-2-15_time:3712.5,34.68438223,1.0,oname:heads.csv_otype:lst_usecol:trgw-0-2-15
oname:heads.csv_otype:lst_usecol:trgw-0-2-15_time:3743.5,34.75615702,1.0,oname:heads.csv_otype:lst_usecol:trgw-0-2-15
oname:heads.csv_otype:lst_usecol:trgw-0-2-15_time:3773.5,34.81333401,1.0,oname:heads.csv_otype:lst_usecol:trgw-0-2-15
oname:heads.csv_otype:lst_usecol:trgw-0-2-15_time:3804.5,34.83323962,1.0,oname:heads.csv_otype:lst_usecol:trgw-0-2-15
oname:heads.csv_otype:lst_usecol:trgw-0-2-15_time:3834.5,34.80143088,1.0,oname:heads.csv_otype:lst_usecol:trgw-0-2-15
oname:heads.csv_otype:lst_usecol:trgw-0-2-15_time:3865.5,34.71769605,1.0,oname:heads.csv_otype:lst_usecol:trgw-0-2-15
oname:heads.csv_otype:lst_usecol:trgw-0-2-15_time:3896.5,34.60229416,1.0,oname:heads.csv_otype:lst_usecol:trgw-0-2-15
oname:heads.csv_otype:lst_usecol:trgw-0-2-15_time:3926.5,34.48534413,1.0,oname:heads.csv_otype:lst_usecol:trgw-0-2-15
oname:heads.csv_otype:lst_usecol:trgw-0-2-15_time:3957.5,34.3891582,1.0,oname:heads.csv_otype:lst_usecol:trgw-0-2-15
oname:heads.csv_otype:lst_usecol:trgw-0-2-15_time:3987.5,34.34174718,1.0,oname:heads.csv_otype:lst_usecol:trgw-0-2-15
oname:heads.csv_otype:lst_usecol:trgw-0-2-15_time:4018.5,34.35132551,1.0,oname:heads.csv_otype:lst_usecol:trgw-0-2-15
oname:heads.csv_otype:lst_usecol:trgw-0-2-15_time:4049.5,34.41128049,1.0,oname:heads.csv_otype:lst_usecol:trgw-0-2-15
oname:heads.csv_otype:lst_usecol:trgw-0-2-15_time:4077.5,34.49780089,1.0,oname:heads.csv_otype:lst_usecol:trgw-0-2-15
oname:heads.csv_otype:lst_usecol:trgw-0-2-15_time:4108.5,34.60081157,1.0,oname:heads.csv_otype:lst_usecol:trgw-0-2-15
oname:heads.csv_otype:lst_usecol:trgw-0-2-15_time:4138.5,34.67974357,1.0,oname:heads.csv_otype:lst_usecol:trgw-0-2-15
oname:heads.csv_otype:lst_usecol:trgw-0-2-15_time:4169.5,34.71575457,1.0,oname:heads.csv_otype:lst_usecol:trgw-0-2-15
oname:heads.csv_otype:lst_usecol:trgw-0-2-15_time:4199.5,34.6954004,1.0,oname:heads.csv_otype:lst_usecol:trgw-0-2-15
oname:heads.csv_otype:lst_usecol:trgw-0-2-15_time:4230.5,34.62076451,1.0,oname:heads.csv_otype:lst_usecol:trgw-0-2-15
oname:heads.csv_otype:lst_usecol:trgw-0-2-15_time:4261.5,34.51270686,1.0,oname:heads.csv_otype:lst_usecol:trgw-0-2-15
oname:heads.csv_otype:lst_usecol:trgw-0-2-15_time:4291.5,34.40187767,1.0,oname:heads.csv_otype:lst_usecol:trgw-0-2-15
oname:heads.csv_otype:lst_usecol:trgw-0-2-15_time:4322.5,34.3112367,1.0,oname:heads.csv_otype:lst_usecol:trgw-0-2-15
oname:heads.csv_otype:lst_usecol:trgw-0-2-15_time:4352.5,34.26867585,1.0,oname:heads.csv_otype:lst_usecol:trgw-0-2-15
oname:heads.csv_otype:lst_usecol:trgw-0-2-15_time:4383.5,34.30728991,1.0,oname:heads.csv_otype:lst_usecol:trgw-0-2-15
oname:heads.csv_otype:lst_usecol:trgw-0-2-9_time:3652.5,35.59470687,1.0,oname:heads.csv_otype:lst_usecol:trgw-0-2-9
oname:heads.csv_otype:lst_usecol:trgw-0-2-9_time:3683.5,35.60865265,1.0,oname:heads.csv_otype:lst_usecol:trgw-0-2-9
oname:heads.csv_otype:lst_usecol:trgw-0-2-9_time:3712.5,35.69618265,1.0,oname:heads.csv_otype:lst_usecol:trgw-0-2-9
oname:heads.csv_otype:lst_usecol:trgw-0-2-9_time:3743.5,35.82961698,1.0,oname:heads.csv_otype:lst_usecol:trgw-0-2-9
oname:heads.csv_otype:lst_usecol:trgw-0-2-9_time:3773.5,35.94879698,1.0,oname:heads.csv_otype:lst_usecol:trgw-0-2-9
oname:heads.csv_otype:lst_usecol:trgw-0-2-9_time:3804.5,36.01242934,1.0,oname:heads.csv_otype:lst_usecol:trgw-0-2-9
oname:heads.csv_otype:lst_usecol:trgw-0-2-9_time:3834.5,35.98604116,1.0,oname:heads.csv_otype:lst_usecol:trgw-0-2-9
oname:heads.csv_otype:lst_usecol:trgw-0-2-9_time:3865.5,35.86173806,1.0,oname:heads.csv_otype:lst_usecol:trgw-0-2-9
oname:heads.csv_otype:lst_usecol:trgw-0-2-9_time:3896.5,35.66480995,1.0,oname:heads.csv_otype:lst_usecol:trgw-0-2-9
oname:heads.csv_otype:lst_usecol:trgw-0-2-9_time:3926.5,35.44546138,1.0,oname:heads.csv_otype:lst_usecol:trgw-0-2-9
oname:heads.csv_otype:lst_usecol:trgw-0-2-9_time:3957.5,35.24276305,1.0,oname:heads.csv_otype:lst_usecol:trgw-0-2-9
oname:heads.csv_otype:lst_usecol:trgw-0-2-9_time:3987.5,35.11492829,1.0,oname:heads.csv_otype:lst_usecol:trgw-0-2-9
oname:heads.csv_otype:lst_usecol:trgw-0-2-9_time:4018.5,35.08402778,1.0,oname:heads.csv_otype:lst_usecol:trgw-0-2-9
oname:heads.csv_otype:lst_usecol:trgw-0-2-9_time:4049.5,35.15106295,1.0,oname:heads.csv_otype:lst_usecol:trgw-0-2-9
oname:heads.csv_otype:lst_usecol:trgw-0-2-9_time:4077.5,35.2812754,1.0,oname:heads.csv_otype:lst_usecol:trgw-0-2-9
oname:heads.csv_otype:lst_usecol:trgw-0-2-9_time:4108.5,35.45924162,1.0,oname:heads.csv_otype:lst_usecol:trgw-0-2-9
oname:heads.csv_otype:lst_usecol:trgw-0-2-9_time:4138.5,35.6131247,1.0,oname:heads.csv_otype:lst_usecol:trgw-0-2-9
oname:heads.csv_otype:lst_usecol:trgw-0-2-9_time:4169.5,35.70477263,1.0,oname:heads.csv_otype:lst_usecol:trgw-0-2-9
oname:heads.csv_otype:lst_usecol:trgw-0-2-9_time:4199.5,35.69961161,1.0,oname:heads.csv_otype:lst_usecol:trgw-0-2-9
oname:heads.csv_otype:lst_usecol:trgw-0-2-9_time:4230.5,35.59281227,1.0,oname:heads.csv_otype:lst_usecol:trgw-0-2-9
oname:heads.csv_otype:lst_usecol:trgw-0-2-9_time:4261.5,35.41042877,1.0,oname:heads.csv_otype:lst_usecol:trgw-0-2-9
oname:heads.csv_otype:lst_usecol:trgw-0-2-9_time:4291.5,35.20344833,1.0,oname:heads.csv_otype:lst_usecol:trgw-0-2-9
oname:heads.csv_otype:lst_usecol:trgw-0-2-9_time:4322.5,35.01228574,1.0,oname:heads.csv_otype:lst_usecol:trgw-0-2-9
oname:heads.csv_otype:lst_usecol:trgw-0-2-9_time:4352.5,34.89507036,1.0,oname:heads.csv_otype:lst_usecol:trgw-0-2-9
oname:heads.csv_otype:lst_usecol:trgw-0-2-9_time:4383.5,34.91495053,1.0,oname:heads.csv_otype:lst_usecol:trgw-0-2-9
oname:heads.csv_otype:lst_usecol:trgw-0-21-10_time:3652.5,34.71336818,1.0,oname:heads.csv_otype:lst_usecol:trgw-0-21-10
oname:heads.csv_otype:lst_usecol:trgw-0-21-10_time:3683.5,34.67902289,1.0,oname:heads.csv_otype:lst_usecol:trgw-0-21-10
oname:heads.csv_otype:lst_usecol:trgw-0-21-10_time:3712.5,34.72623631,1.0,oname:heads.csv_otype:lst_usecol:trgw-0-21-10
oname:heads.csv_otype:lst_usecol:trgw-0-21-10_time:3743.5,34.82279787,1.0,oname:heads.csv_otype:lst_usecol:trgw-0-21-10
oname:heads.csv_otype:lst_usecol:trgw-0-21-10_time:3773.5,34.90952708,1.0,oname:heads.csv_otype:lst_usecol:trgw-0-21-10
oname:heads.csv_otype:lst_usecol:trgw-0-21-10_time:3804.5,34.94388416,1.0,oname:heads.csv_otype:lst_usecol:trgw-0-21-10
oname:heads.csv_otype:lst_usecol:trgw-0-21-10_time:3834.5,34.89611235,1.0,oname:heads.csv_otype:lst_usecol:trgw-0-21-10
oname:heads.csv_otype:lst_usecol:trgw-0-21-10_time:3865.5,34.76046112,1.0,oname:heads.csv_otype:lst_usecol:trgw-0-21-10
oname:heads.csv_otype:lst_usecol:trgw-0-21-10_time:3896.5,34.56475181,1.0,oname:heads.csv_otype:lst_usecol:trgw-0-21-10
oname:heads.csv_otype:lst_usecol:trgw-0-21-10_time:3926.5,34.35786464,1.0,oname:heads.csv_otype:lst_usecol:trgw-0-21-10
oname:heads.csv_otype:lst_usecol:trgw-0-21-10_time:3957.5,34.17688988,1.0,oname:heads.csv_otype:lst_usecol:trgw-0-21-10
oname:heads.csv_otype:lst_usecol:trgw-0-21-10_time:3987.5,34.02837051,1.0,oname:heads.csv_otype:lst_usecol:trgw-0-21-10
oname:heads.csv_otype:lst_usecol:trgw-0-21-10_time:4018.5,33.96993399,1.0,oname:heads.csv_otype:lst_usecol:trgw-0-21-10
oname:heads.csv_otype:lst_usecol:trgw-0-21-10_time:4049.5,34.0114858,1.0,oname:heads.csv_otype:lst_usecol:trgw-0-21-10
oname:heads.csv_otype:lst_usecol:trgw-0-21-10_time:4077.5,34.11819523,1.0,oname:heads.csv_otype:lst_usecol:trgw-0-21-10
oname:heads.csv_otype:lst_usecol:trgw-0-21-10_time:4108.5,34.26740979,1.0,oname:heads.csv_otype:lst_usecol:trgw-0-21-10
oname:heads.csv_otype:lst_usecol:trgw-0-21-10_time:4138.5,34.39160228,1.0,oname:heads.csv_otype:lst_usecol:trgw-0-21-10
oname:heads.csv_otype:lst_usecol:trgw-0-21-10_time:4169.5,34.45382333,1.0,oname:heads.csv_otype:lst_usecol:trgw-0-21-10
oname:heads.csv_otype:lst_usecol:trgw-0-21-10_time:4199.5,34.42548887,1.0,oname:heads.csv_otype:lst_usecol:trgw-0-21-10
oname:heads.csv_otype:lst_usecol:trgw-0-21-10_time:4230.5,34.30479275,1.0,oname:heads.csv_otype:lst_usecol:trgw-0-21-10
oname:heads.csv_otype:lst_usecol:trgw-0-21-10_time:4261.5,34.12048192,1.0,oname:heads.csv_otype:lst_usecol:trgw-0-21-10
oname:heads.csv_otype:lst_usecol:trgw-0-21-10_time:4291.5,33.9225412,1.0,oname:heads.csv_otype:lst_usecol:trgw-0-21-10
oname:heads.csv_otype:lst_usecol:trgw-0-21-10_time:4322.5,33.74929594,1.0,oname:heads.csv_otype:lst_usecol:trgw-0-21-10
oname:heads.csv_otype:lst_usecol:trgw-0-21-10_time:4352.5,33.65284862,1.0,oname:heads.csv_otype:lst_usecol:trgw-0-21-10
oname:heads.csv_otype:lst_usecol:trgw-0-21-10_time:4383.5,33.69012109,1.0,oname:heads.csv_otype:lst_usecol:trgw-0-21-10
oname:heads.csv_otype:lst_usecol:trgw-0-22-15_time:3652.5,34.23955932,1.0,oname:heads.csv_otype:lst_usecol:trgw-0-22-15
oname:heads.csv_otype:lst_usecol:trgw-0-22-15_time:3683.5,34.20582511,1.0,oname:heads.csv_otype:lst_usecol:trgw-0-22-15
oname:heads.csv_otype:lst_usecol:trgw-0-22-15_time:3712.5,34.24051092,1.0,oname:heads.csv_otype:lst_usecol:trgw-0-22-15
oname:heads.csv_otype:lst_usecol:trgw-0-22-15_time:3743.5,34.30363392,1.0,oname:heads.csv_otype:lst_usecol:trgw-0-22-15
oname:heads.csv_otype:lst_usecol:trgw-0-22-15_time:3773.5,34.3547644,1.0,oname:heads.csv_otype:lst_usecol:trgw-0-22-15
oname:heads.csv_otype:lst_usecol:trgw-0-22-15_time:3804.5,34.36828811,1.0,oname:heads.csv_otype:lst_usecol:trgw-0-22-15
oname:heads.csv_otype:lst_usecol:trgw-0-22-15_time:3834.5,34.33007043,1.0,oname:heads.csv_otype:lst_usecol:trgw-0-22-15
oname:heads.csv_otype:lst_usecol:trgw-0-22-15_time:3865.5,34.23727346,1.0,oname:heads.csv_otype:lst_usecol:trgw-0-22-15
oname:heads.csv_otype:lst_usecol:trgw-0-22-15_time:3896.5,34.11328639,1.0,oname:heads.csv_otype:lst_usecol:trgw-0-22-15
oname:heads.csv_otype:lst_usecol:trgw-0-22-15_time:3926.5,33.98911775,1.0,oname:heads.csv_otype:lst_usecol:trgw-0-22-15
oname:heads.csv_otype:lst_usecol:trgw-0-22-15_time:3957.5,33.8880535,1.0,oname:heads.csv_otype:lst_usecol:trgw-0-22-15
oname:heads.csv_otype:lst_usecol:trgw-0-22-15_time:3987.5,33.83112071,1.0,oname:heads.csv_otype:lst_usecol:trgw-0-22-15
oname:heads.csv_otype:lst_usecol:trgw-0-22-15_time:4018.5,33.83054548,1.0,oname:heads.csv_otype:lst_usecol:trgw-0-22-15
oname:heads.csv_otype:lst_usecol:trgw-0-22-15_time:4049.5,33.88332512,1.0,oname:heads.csv_otype:lst_usecol:trgw-0-22-15
oname:heads.csv_otype:lst_usecol:trgw-0-22-15_time:4077.5,33.96600415,1.0,oname:heads.csv_otype:lst_usecol:trgw-0-22-15
oname:heads.csv_otype:lst_usecol:trgw-0-22-15_time:4108.5,34.06596844,1.0,oname:heads.csv_otype:lst_usecol:trgw-0-22-15
oname:heads.csv_otype:lst_usecol:trgw-0-22-15_time:4138.5,34.14144031,1.0,oname:heads.csv_otype:lst_usecol:trgw-0-22-15
oname:heads.csv_otype:lst_usecol:trgw-0-22-15_time:4169.5,34.17217476,1.0,oname:heads.csv_otype:lst_usecol:trgw-0-22-15
oname:heads.csv_otype:lst_usecol:trgw-0-22-15_time:4199.5,34.14537134,1.0,oname:heads.csv_otype:lst_usecol:trgw-0-22-15
oname:heads.csv_otype:lst_usecol:trgw-0-22-15_time:4230.5,34.0616983,1.0,oname:heads.csv_otype:lst_usecol:trgw-0-22-15
oname:heads.csv_otype:lst_usecol:trgw-0-22-15_time:4261.5,33.94457804,1.0,oname:heads.csv_otype:lst_usecol:trgw-0-22-15
oname:heads.csv_otype:lst_usecol:trgw-0-22-15_time:4291.5,33.82579528,1.0,oname:heads.csv_otype:lst_usecol:trgw-0-22-15
oname:heads.csv_otype:lst_usecol:trgw-0-22-15_time:4322.5,33.72928415,1.0,oname:heads.csv_otype:lst_usecol:trgw-0-22-15
oname:heads.csv_otype:lst_usecol:trgw-0-22-15_time:4352.5,33.68455703,1.0,oname:heads.csv_otype:lst_usecol:trgw-0-22-15
oname:heads.csv_otype:lst_usecol:trgw-0-22-15_time:4383.5,33.72490699,1.0,oname:heads.csv_otype:lst_usecol:trgw-0-22-15
oname:heads.csv_otype:lst_usecol:trgw-0-24-4_time:3652.5,35.4528338,1.0,oname:heads.csv_otype:lst_usecol:trgw-0-24-4
oname:heads.csv_otype:lst_usecol:trgw-0-24-4_time:3683.5,35.43612672,1.0,oname:heads.csv_otype:lst_usecol:trgw-0-24-4
oname:heads.csv_otype:lst_usecol:trgw-0-24-4_time:3712.5,35.50067833,1.0,oname:heads.csv_otype:lst_usecol:trgw-0-24-4
oname:heads.csv_otype:lst_usecol:trgw-0-24-4_time:3743.5,35.62453142,1.0,oname:heads.csv_otype:lst_usecol:trgw-0-24-4
oname:heads.csv_otype:lst_usecol:trgw-0-24-4_time:3773.5,35.7446189,1.0,oname:heads.csv_otype:lst_usecol:trgw-0-24-4
oname:heads.csv_otype:lst_usecol:trgw-0-24-4_time:3804.5,35.81176517,1.0,oname:heads.csv_otype:lst_usecol:trgw-0-24-4
oname:heads.csv_otype:lst_usecol:trgw-0-24-4_time:3834.5,35.78297228,1.0,oname:heads.csv_otype:lst_usecol:trgw-0-24-4
oname:heads.csv_otype:lst_usecol:trgw-0-24-4_time:3865.5,35.64360582,1.0,oname:heads.csv_otype:lst_usecol:trgw-0-24-4
oname:heads.csv_otype:lst_usecol:trgw-0-24-4_time:3896.5,35.41711539,1.0,oname:heads.csv_otype:lst_usecol:trgw-0-24-4
oname:heads.csv_otype:lst_usecol:trgw-0-24-4_time:3926.5,35.15784,1.0,oname:heads.csv_otype:lst_usecol:trgw-0-24-4
oname:heads.csv_otype:lst_usecol:trgw-0-24-4_time:3957.5,34.90818192,1.0,oname:heads.csv_otype:lst_usecol:trgw-0-24-4
oname:heads.csv_otype:lst_usecol:trgw-0-24-4_time:3987.5,33.80638133,1.0,oname:heads.csv_otype:lst_usecol:trgw-0-24-4
oname:heads.csv_otype:lst_usecol:trgw-0-24-4_time:4018.5,33.52638739,1.0,oname:heads.csv_otype:lst_usecol:trgw-0-24-4
oname:heads.csv_otype:lst_usecol:trgw-0-24-4_time:4049.5,33.45412166,1.0,oname:heads.csv_otype:lst_usecol:trgw-0-24-4
oname:heads.csv_otype:lst_usecol:trgw-0-24-4_time:4077.5,33.5076551,1.0,oname:heads.csv_otype:lst_usecol:trgw-0-24-4
oname:heads.csv_otype:lst_usecol:trgw-0-24-4_time:4108.5,33.64207276,1.0,oname:heads.csv_otype:lst_usecol:trgw-0-24-4
oname:heads.csv_otype:lst_usecol:trgw-0-24-4_time:4138.5,33.77792485,1.0,oname:heads.csv_otype:lst_usecol:trgw-0-24-4
oname:heads.csv_otype:lst_usecol:trgw-0-24-4_time:4169.5,33.86094711,1.0,oname:heads.csv_otype:lst_usecol:trgw-0-24-4
oname:heads.csv_otype:lst_usecol:trgw-0-24-4_time:4199.5,33.84381086,1.0,oname:heads.csv_otype:lst_usecol:trgw-0-24-4
oname:heads.csv_otype:lst_usecol:trgw-0-24-4_time:4230.5,33.7116506,1.0,oname:heads.csv_otype:lst_usecol:trgw-0-24-4
oname:heads.csv_otype:lst_usecol:trgw-0-24-4_time:4261.5,33.48763296,1.0,oname:heads.csv_otype:lst_usecol:trgw-0-24-4
oname:heads.csv_otype:lst_usecol:trgw-0-24-4_time:4291.5,33.22769369,1.0,oname:heads.csv_otype:lst_usecol:trgw-0-24-4
oname:heads.csv_otype:lst_usecol:trgw-0-24-4_time:4322.5,32.97645229,1.0,oname:heads.csv_otype:lst_usecol:trgw-0-24-4
oname:heads.csv_otype:lst_usecol:trgw-0-24-4_time:4352.5,32.80626516,1.0,oname:heads.csv_otype:lst_usecol:trgw-0-24-4
oname:heads.csv_otype:lst_usecol:trgw-0-24-4_time:4383.5,32.79212958,1.0,oname:heads.csv_otype:lst_usecol:trgw-0-24-4
oname:heads.csv_otype:lst_usecol:trgw-0-26-6_time:3652.5,35.06627826,1.0,oname:heads.csv_otype:lst_usecol:trgw-0-26-6
oname:heads.csv_otype:lst_usecol:trgw-0-26-6_time:3683.5,35.00839555,1.0,oname:heads.csv_otype:lst_usecol:trgw-0-26-6
oname:heads.csv_otype:lst_usecol:trgw-0-26-6_time:3712.5,35.05509609,1.0,oname:heads.csv_otype:lst_usecol:trgw-0-26-6
oname:heads.csv_otype:lst_usecol:trgw-0-26-6_time:3743.5,35.16628575,1.0,oname:heads.csv_otype:lst_usecol:trgw-0-26-6
oname:heads.csv_otype:lst_usecol:trgw-0-26-6_time:3773.5,35.27416513,1.0,oname:heads.csv_otype:lst_usecol:trgw-0-26-6
oname:heads.csv_otype:lst_usecol:trgw-0-26-6_time:3804.5,35.32882212,1.0,oname:heads.csv_otype:lst_usecol:trgw-0-26-6
oname:heads.csv_otype:lst_usecol:trgw-0-26-6_time:3834.5,35.29057313,1.0,oname:heads.csv_otype:lst_usecol:trgw-0-26-6
oname:heads.csv_otype:lst_usecol:trgw-0-26-6_time:3865.5,35.14757014,1.0,oname:heads.csv_otype:lst_usecol:trgw-0-26-6
oname:heads.csv_otype:lst_usecol:trgw-0-26-6_time:3896.5,34.92553667,1.0,oname:heads.csv_otype:lst_usecol:trgw-0-26-6
oname:heads.csv_otype:lst_usecol:trgw-0-26-6_time:3926.5,34.67833178,1.0,oname:heads.csv_otype:lst_usecol:trgw-0-26-6
oname:heads.csv_otype:lst_usecol:trgw-0-26-6_time:3957.5,34.44748274,1.0,oname:heads.csv_otype:lst_usecol:trgw-0-26-6
oname:heads.csv_otype:lst_usecol:trgw-0-26-6_time:3987.5,34.09818119,1.0,oname:heads.csv_otype:lst_usecol:trgw-0-26-6
oname:heads.csv_otype:lst_usecol:trgw-0-26-6_time:4018.5,33.91767558,1.0,oname:heads.csv_otype:lst_usecol:trgw-0-26-6
oname:heads.csv_otype:lst_usecol:trgw-0-26-6_time:4049.5,33.88953724,1.0,oname:heads.csv_otype:lst_usecol:trgw-0-26-6
oname:heads.csv_otype:lst_usecol:trgw-0-26-6_time:4077.5,33.96427939,1.0,oname:heads.csv_otype:lst_usecol:trgw-0-26-6
oname:heads.csv_otype:lst_usecol:trgw-0-26-6_time:4108.5,34.10619215,1.0,oname:heads.csv_otype:lst_usecol:trgw-0-26-6
oname:heads.csv_otype:lst_usecol:trgw-0-26-6_time:4138.5,34.23942697,1.0,oname:heads.csv_otype:lst_usecol:trgw-0-26-6
oname:heads.csv_otype:lst_usecol:trgw-0-26-6_time:4169.5,34.31550949,1.0,oname:heads.csv_otype:lst_usecol:trgw-0-26-6
oname:heads.csv_otype:lst_usecol:trgw-0-26-6_time:4199.5,34.2935647,1.0,oname:heads.csv_otype:lst_usecol:trgw-0-26-6
oname:heads.csv_otype:lst_usecol:trgw-0-26-6_time:4230.5,34.16374838,1.0,oname:heads.csv_otype:lst_usecol:trgw-0-26-6
oname:heads.csv_otype:lst_usecol:trgw-0-26-6_time:4261.5,33.95162694,1.0,oname:heads.csv_otype:lst_usecol:trgw-0-26-6
oname:heads.csv_otype:lst_usecol:trgw-0-26-6_time:4291.5,33.71178698,1.0,oname:heads.csv_otype:lst_usecol:trgw-0-26-6
oname:heads.csv_otype:lst_usecol:trgw-0-26-6_time:4322.5,33.48717739,1.0,oname:heads.csv_otype:lst_usecol:trgw-0-26-6
oname:heads.csv_otype:lst_usecol:trgw-0-26-6_time:4352.5,33.34336207,1.0,oname:heads.csv_otype:lst_usecol:trgw-0-26-6
oname:heads.csv_otype:lst_usecol:trgw-0-26-6_time:4383.5,33.34904141,1.0,oname:heads.csv_otype:lst_usecol:trgw-0-26-6
oname:heads.csv_otype:lst_usecol:trgw-0-29-15_time:3652.5,34.16617293,1.0,oname:heads.csv_otype:lst_usecol:trgw-0-29-15
oname:heads.csv_otype:lst_usecol:trgw-0-29-15_time:3683.5,34.1561274,1.0,oname:heads.csv_otype:lst_usecol:trgw-0-29-15
oname:heads.csv_otype:lst_usecol:trgw-0-29-15_time:3712.5,34.19509818,1.0,oname:heads.csv_otype:lst_usecol:trgw-0-29-15
oname:heads.csv_otype:lst_usecol:trgw-0-29-15_time:3743.5,34.25847898,1.0,oname:heads.csv_otype:lst_usecol:trgw-0-29-15
oname:heads.csv_otype:lst_usecol:trgw-0-29-15_time:3773.5,34.30860731,1.0,oname:heads.csv_otype:lst_usecol:trgw-0-29-15
oname:heads.csv_otype:lst_usecol:trgw-0-29-15_time:3804.5,34.32075702,1.0,oname:heads.csv_otype:lst_usecol:trgw-0-29-15
oname:heads.csv_otype:lst_usecol:trgw-0-29-15_time:3834.5,34.28186532,1.0,oname:heads.csv_otype:lst_usecol:trgw-0-29-15
oname:heads.csv_otype:lst_usecol:trgw-0-29-15_time:3865.5,34.18907913,1.0,oname:heads.csv_otype:lst_usecol:trgw-0-29-15
oname:heads.csv_otype:lst_usecol:trgw-0-29-15_time:3896.5,34.06651105,1.0,oname:heads.csv_otype:lst_usecol:trgw-0-29-15
oname:heads.csv_otype:lst_usecol:trgw-0-29-15_time:3926.5,33.94463969,1.0,oname:heads.csv_otype:lst_usecol:trgw-0-29-15
oname:heads.csv_otype:lst_usecol:trgw-0-29-15_time:3957.5,33.84629925,1.0,oname:heads.csv_otype:lst_usecol:trgw-0-29-15
oname:heads.csv_otype:lst_usecol:trgw-0-29-15_time:3987.5,33.79315898,1.0,oname:heads.csv_otype:lst_usecol:trgw-0-29-15
oname:heads.csv_otype:lst_usecol:trgw-0-29-15_time:4018.5,33.7953208,1.0,oname:heads.csv_otype:lst_usecol:trgw-0-29-15
oname:heads.csv_otype:lst_usecol:trgw-0-29-15_time:4049.5,33.84867204,1.0,oname:heads.csv_otype:lst_usecol:trgw-0-29-15
oname:heads.csv_otype:lst_usecol:trgw-0-29-15_time:4077.5,33.93014145,1.0,oname:heads.csv_otype:lst_usecol:trgw-0-29-15
oname:heads.csv_otype:lst_usecol:trgw-0-29-15_time:4108.5,34.02712318,1.0,oname:heads.csv_otype:lst_usecol:trgw-0-29-15
oname:heads.csv_otype:lst_usecol:trgw-0-29-15_time:4138.5,34.09897199,1.0,oname:heads.csv_otype:lst_usecol:trgw-0-29-15
oname:heads.csv_otype:lst_usecol:trgw-0-29-15_time:4169.5,34.12616819,1.0,oname:heads.csv_otype:lst_usecol:trgw-0-29-15
oname:heads.csv_otype:lst_usecol:trgw-0-29-15_time:4199.5,34.09710343,1.0,oname:heads.csv_otype:lst_usecol:trgw-0-29-15
oname:heads.csv_otype:lst_usecol:trgw-0-29-15_time:4230.5,34.01232468,1.0,oname:heads.csv_otype:lst_usecol:trgw-0-29-15
oname:heads.csv_otype:lst_usecol:trgw-0-29-15_time:4261.5,33.89569046,1.0,oname:heads.csv_otype:lst_usecol:trgw-0-29-15
oname:heads.csv_otype:lst_usecol:trgw-0-29-15_time:4291.5,33.77836845,1.0,oname:heads.csv_otype:lst_usecol:trgw-0-29-15
oname:heads.csv_otype:lst_usecol:trgw-0-29-15_time:4322.5,33.68376283,1.0,oname:heads.csv_otype:lst_usecol:trgw-0-29-15
oname:heads.csv_otype:lst_usecol:trgw-0-29-15_time:4352.5,33.64077308,1.0,oname:heads.csv_otype:lst_usecol:trgw-0-29-15
oname:heads.csv_otype:lst_usecol:trgw-0-29-15_time:4383.5,33.6819963,1.0,oname:heads.csv_otype:lst_usecol:trgw-0-29-15
oname:heads.csv_otype:lst_usecol:trgw-0-3-8_time:3652.5,35.71548787,1.0,oname:heads.csv_otype:lst_usecol:trgw-0-3-8
oname:heads.csv_otype:lst_usecol:trgw-0-3-8_time:3683.5,35.72875872,1.0,oname:heads.csv_otype:lst_usecol:trgw-0-3-8
oname:heads.csv_otype:lst_usecol:trgw-0-3-8_time:3712.5,35.81815434,1.0,oname:heads.csv_otype:lst_usecol:trgw-0-3-8
oname:heads.csv_otype:lst_usecol:trgw-0-3-8_time:3743.5,35.95644445,1.0,oname:heads.csv_otype:lst_usecol:trgw-0-3-8
oname:heads.csv_otype:lst_usecol:trgw-0-3-8_time:3773.5,36.08170884,1.0,oname:heads.csv_otype:lst_usecol:trgw-0-3-8
oname:heads.csv_otype:lst_usecol:trgw-0-3-8_time:3804.5,36.15100549,1.0,oname:heads.csv_otype:lst_usecol:trgw-0-3-8
oname:heads.csv_otype:lst_usecol:trgw-0-3-8_time:3834.5,36.12753717,1.0,oname:heads.csv_otype:lst_usecol:trgw-0-3-8
oname:heads.csv_otype:lst_usecol:trgw-0-3-8_time:3865.5,36.0021539,1.0,oname:heads.csv_otype:lst_usecol:trgw-0-3-8
oname:heads.csv_otype:lst_usecol:trgw-0-3-8_time:3896.5,35.79971081,1.0,oname:heads.csv_otype:lst_usecol:trgw-0-3-8
oname:heads.csv_otype:lst_usecol:trgw-0-3-8_time:3926.5,35.57164162,1.0,oname:heads.csv_otype:lst_usecol:trgw-0-3-8
oname:heads.csv_otype:lst_usecol:trgw-0-3-8_time:3957.5,35.35817138,1.0,oname:heads.csv_otype:lst_usecol:trgw-0-3-8
oname:heads.csv_otype:lst_usecol:trgw-0-3-8_time:3987.5,35.22036781,1.0,oname:heads.csv_otype:lst_usecol:trgw-0-3-8
oname:heads.csv_otype:lst_usecol:trgw-0-3-8_time:4018.5,35.18183272,1.0,oname:heads.csv_otype:lst_usecol:trgw-0-3-8
oname:heads.csv_otype:lst_usecol:trgw-0-3-8_time:4049.5,35.24529294,1.0,oname:heads.csv_otype:lst_usecol:trgw-0-3-8
oname:heads.csv_otype:lst_usecol:trgw-0-3-8_time:4077.5,35.37604679,1.0,oname:heads.csv_otype:lst_usecol:trgw-0-3-8
oname:heads.csv_otype:lst_usecol:trgw-0-3-8_time:4108.5,35.55842583,1.0,oname:heads.csv_otype:lst_usecol:trgw-0-3-8
oname:heads.csv_otype:lst_usecol:trgw-0-3-8_time:4138.5,35.71845626,1.0,oname:heads.csv_otype:lst_usecol:trgw-0-3-8
oname:heads.csv_otype:lst_usecol:trgw-0-3-8_time:4169.5,35.81610388,1.0,oname:heads.csv_otype:lst_usecol:trgw-0-3-8
oname:heads.csv_otype:lst_usecol:trgw-0-3-8_time:4199.5,35.8142945,1.0,oname:heads.csv_otype:lst_usecol:trgw-0-3-8
oname:heads.csv_otype:lst_usecol:trgw-0-3-8_time:4230.5,35.70692312,1.0,oname:heads.csv_otype:lst_usecol:trgw-0-3-8
oname:heads.csv_otype:lst_usecol:trgw-0-3-8_time:4261.5,35.51953846,1.0,oname:heads.csv_otype:lst_usecol:trgw-0-3-8
oname:heads.csv_otype:lst_usecol:trgw-0-3-8_time:4291.5,35.30433288,1.0,oname:heads.csv_otype:lst_usecol:trgw-0-3-8
oname:heads.csv_otype:lst_usecol:trgw-0-3-8_time:4322.5,35.1029164,1.0,oname:heads.csv_otype:lst_usecol:trgw-0-3-8
oname:heads.csv_otype:lst_usecol:trgw-0-3-8_time:4352.5,34.97634228,1.0,oname:heads.csv_otype:lst_usecol:trgw-0-3-8
oname:heads.csv_otype:lst_usecol:trgw-0-3-8_time:4383.5,34.99043158,1.0,oname:heads.csv_otype:lst_usecol:trgw-0-3-8
oname:heads.csv_otype:lst_usecol:trgw-0-33-7_time:3652.5,34.63615755,1.0,oname:heads.csv_otype:lst_usecol:trgw-0-33-7
oname:heads.csv_otype:lst_usecol:trgw-0-33-7_time:3683.5,34.60440405,1.0,oname:heads.csv_otype:lst_usecol:trgw-0-33-7
oname:heads.csv_otype:lst_usecol:trgw-0-33-7_time:3712.5,34.65412127,1.0,oname:heads.csv_otype:lst_usecol:trgw-0-33-7
oname:heads.csv_otype:lst_usecol:trgw-0-33-7_time:3743.5,34.75415717,1.0,oname:heads.csv_otype:lst_usecol:trgw-0-33-7
oname:heads.csv_otype:lst_usecol:trgw-0-33-7_time:3773.5,34.84402988,1.0,oname:heads.csv_otype:lst_usecol:trgw-0-33-7
oname:heads.csv_otype:lst_usecol:trgw-0-33-7_time:3804.5,34.88014271,1.0,oname:heads.csv_otype:lst_usecol:trgw-0-33-7
oname:heads.csv_otype:lst_usecol:trgw-0-33-7_time:3834.5,34.83168313,1.0,oname:heads.csv_otype:lst_usecol:trgw-0-33-7
oname:heads.csv_otype:lst_usecol:trgw-0-33-7_time:3865.5,34.6933171,1.0,oname:heads.csv_otype:lst_usecol:trgw-0-33-7
oname:heads.csv_otype:lst_usecol:trgw-0-33-7_time:3896.5,34.49367616,1.0,oname:heads.csv_otype:lst_usecol:trgw-0-33-7
oname:heads.csv_otype:lst_usecol:trgw-0-33-7_time:3926.5,34.28137634,1.0,oname:heads.csv_otype:lst_usecol:trgw-0-33-7
oname:heads.csv_otype:lst_usecol:trgw-0-33-7_time:3957.5,34.09332344,1.0,oname:heads.csv_otype:lst_usecol:trgw-0-33-7
oname:heads.csv_otype:lst_usecol:trgw-0-33-7_time:3987.5,33.95718639,1.0,oname:heads.csv_otype:lst_usecol:trgw-0-33-7
oname:heads.csv_otype:lst_usecol:trgw-0-33-7_time:4018.5,33.90161434,1.0,oname:heads.csv_otype:lst_usecol:trgw-0-33-7
oname:heads.csv_otype:lst_usecol:trgw-0-33-7_time:4049.5,33.93694455,1.0,oname:heads.csv_otype:lst_usecol:trgw-0-33-7
oname:heads.csv_otype:lst_usecol:trgw-0-33-7_time:4077.5,34.03564232,1.0,oname:heads.csv_otype:lst_usecol:trgw-0-33-7
oname:heads.csv_otype:lst_usecol:trgw-0-33-7_time:4108.5,34.17698305,1.0,oname:heads.csv_otype:lst_usecol:trgw-0-33-7
oname:heads.csv_otype:lst_usecol:trgw-0-33-7_time:4138.5,34.29564543,1.0,oname:heads.csv_otype:lst_usecol:trgw-0-33-7
oname:heads.csv_otype:lst_usecol:trgw-0-33-7_time:4169.5,34.3539765,1.0,oname:heads.csv_otype:lst_usecol:trgw-0-33-7
oname:heads.csv_otype:lst_usecol:trgw-0-33-7_time:4199.5,34.32234722,1.0,oname:heads.csv_otype:lst_usecol:trgw-0-33-7
oname:heads.csv_otype:lst_usecol:trgw-0-33-7_time:4230.5,34.19789474,1.0,oname:heads.csv_otype:lst_usecol:trgw-0-33-7
oname:heads.csv_otype:lst_usecol:trgw-0-33-7_time:4261.5,34.00843916,1.0,oname:heads.csv_otype:lst_usecol:trgw-0-33-7
oname:heads.csv_otype:lst_usecol:trgw-0-33-7_time:4291.5,33.80410648,1.0,oname:heads.csv_otype:lst_usecol:trgw-0-33-7
oname:heads.csv_otype:lst_usecol:trgw-0-33-7_time:4322.5,33.6233067,1.0,oname:heads.csv_otype:lst_usecol:trgw-0-33-7
oname:heads.csv_otype:lst_usecol:trgw-0-33-7_time:4352.5,33.51954482,1.0,oname:heads.csv_otype:lst_usecol:trgw-0-33-7
oname:heads.csv_otype:lst_usecol:trgw-0-33-7_time:4383.5,33.5512038,1.0,oname:heads.csv_otype:lst_usecol:trgw-0-33-7
oname:heads.csv_otype:lst_usecol:trgw-0-34-10_time:3652.5,34.34188897,1.0,oname:heads.csv_otype:lst_usecol:trgw-0-34-10
oname:heads.csv_otype:lst_usecol:trgw-0-34-10_time:3683.5,34.28508031,1.0,oname:heads.csv_otype:lst_usecol:trgw-0-34-10
oname:heads.csv_otype:lst_usecol:trgw-0-34-10_time:3712.5,34.32837973,1.0,oname:heads.csv_otype:lst_usecol:trgw-0-34-10
oname:heads.csv_otype:lst_usecol:trgw-0-34-10_time:3743.5,34.41608752,1.0,oname:heads.csv_otype:lst_usecol:trgw-0-34-10
oname:heads.csv_otype:lst_usecol:trgw-0-34-10_time:3773.5,34.49048643,1.0,oname:heads.csv_otype:lst_usecol:trgw-0-34-10
oname:heads.csv_otype:lst_usecol:trgw-0-34-10_time:3804.5,34.51381573,1.0,oname:heads.csv_otype:lst_usecol:trgw-0-34-10
oname:heads.csv_otype:lst_usecol:trgw-0-34-10_time:3834.5,34.46281557,1.0,oname:heads.csv_otype:lst_usecol:trgw-0-34-10
oname:heads.csv_otype:lst_usecol:trgw-0-34-10_time:3865.5,34.33601108,1.0,oname:heads.csv_otype:lst_usecol:trgw-0-34-10
oname:heads.csv_otype:lst_usecol:trgw-0-34-10_time:3896.5,34.16186497,1.0,oname:heads.csv_otype:lst_usecol:trgw-0-34-10
oname:heads.csv_otype:lst_usecol:trgw-0-34-10_time:3926.5,33.98337661,1.0,oname:heads.csv_otype:lst_usecol:trgw-0-34-10
oname:heads.csv_otype:lst_usecol:trgw-0-34-10_time:3957.5,33.8328109,1.0,oname:heads.csv_otype:lst_usecol:trgw-0-34-10
oname:heads.csv_otype:lst_usecol:trgw-0-34-10_time:3987.5,33.74098934,1.0,oname:heads.csv_otype:lst_usecol:trgw-0-34-10
oname:heads.csv_otype:lst_usecol:trgw-0-34-10_time:4018.5,33.72358757,1.0,oname:heads.csv_otype:lst_usecol:trgw-0-34-10
oname:heads.csv_otype:lst_usecol:trgw-0-34-10_time:4049.5,33.78021444,1.0,oname:heads.csv_otype:lst_usecol:trgw-0-34-10
oname:heads.csv_otype:lst_usecol:trgw-0-34-10_time:4077.5,33.88249198,1.0,oname:heads.csv_otype:lst_usecol:trgw-0-34-10
oname:heads.csv_otype:lst_usecol:trgw-0-34-10_time:4108.5,34.01310714,1.0,oname:heads.csv_otype:lst_usecol:trgw-0-34-10
oname:heads.csv_otype:lst_usecol:trgw-0-34-10_time:4138.5,34.11503851,1.0,oname:heads.csv_otype:lst_usecol:trgw-0-34-10
oname:heads.csv_otype:lst_usecol:trgw-0-34-10_time:4169.5,34.1584202,1.0,oname:heads.csv_otype:lst_usecol:trgw-0-34-10
oname:heads.csv_otype:lst_usecol:trgw-0-34-10_time:4199.5,34.12207903,1.0,oname:heads.csv_otype:lst_usecol:trgw-0-34-10
oname:heads.csv_otype:lst_usecol:trgw-0-34-10_time:4230.5,34.00695929,1.0,oname:heads.csv_otype:lst_usecol:trgw-0-34-10
oname:heads.csv_otype:lst_usecol:trgw-0-34-10_time:4261.5,33.84117754,1.0,oname:heads.csv_otype:lst_usecol:trgw-0-34-10
oname:heads.csv_otype:lst_usecol:trgw-0-34-10_time:4291.5,33.66930565,1.0,oname:heads.csv_otype:lst_usecol:trgw-0-34-10
oname:heads.csv_otype:lst_usecol:trgw-0-34-10_time:4322.5,33.52474796,1.0,oname:heads.csv_otype:lst_usecol:trgw-0-34-10
oname:heads.csv_otype:lst_usecol:trgw-0-34-10_time:4352.5,33.4507577,1.0,oname:heads.csv_otype:lst_usecol:trgw-0-34-10
oname:heads.csv_otype:lst_usecol:trgw-0-34-10_time:4383.5,33.49644967,1.0,oname:heads.csv_otype:lst_usecol:trgw-0-34-10
oname:heads.csv_otype:lst_usecol:trgw-0-9-1_time:3652.5,36.71894541,1.0,oname:heads.csv_otype:lst_usecol:trgw-0-9-1
oname:heads.csv_otype:lst_usecol:trgw-0-9-1_time:3683.5,36.73207987,1.0,oname:heads.csv_otype:lst_usecol:trgw-0-9-1
oname:heads.csv_otype:lst_usecol:trgw-0-9-1_time:3712.5,36.83330419,1.0,oname:heads.csv_otype:lst_usecol:trgw-0-9-1
oname:heads.csv_otype:lst_usecol:trgw-0-9-1_time:3743.5,36.99741756,1.0,oname:heads.csv_otype:lst_usecol:trgw-0-9-1
oname:heads.csv_otype:lst_usecol:trgw-0-9-1_time:3773.5,37.15708293,1.0,oname:heads.csv_otype:lst_usecol:trgw-0-9-1
oname:heads.csv_otype:lst_usecol:trgw-0-9-1_time:3804.5,37.26451164,1.0,oname:heads.csv_otype:lst_usecol:trgw-0-9-1
oname:heads.csv_otype:lst_usecol:trgw-0-9-1_time:3834.5,37.27072328,1.0,oname:heads.csv_otype:lst_usecol:trgw-0-9-1
oname:heads.csv_otype:lst_usecol:trgw-0-9-1_time:3865.5,37.15812177,1.0,oname:heads.csv_otype:lst_usecol:trgw-0-9-1
oname:heads.csv_otype:lst_usecol:trgw-0-9-1_time:3896.5,36.94433953,1.0,oname:heads.csv_otype:lst_usecol:trgw-0-9-1
oname:heads.csv_otype:lst_usecol:trgw-0-9-1_time:3926.5,36.68193026,1.0,oname:heads.csv_otype:lst_usecol:trgw-0-9-1
oname:heads.csv_otype:lst_usecol:trgw-0-9-1_time:3957.5,36.41329011,1.0,oname:heads.csv_otype:lst_usecol:trgw-0-9-1
oname:heads.csv_otype:lst_usecol:trgw-0-9-1_time:3987.5,36.20670878,1.0,oname:heads.csv_otype:lst_usecol:trgw-0-9-1
oname:heads.csv_otype:lst_usecol:trgw-0-9-1_time:4018.5,36.09142471,1.0,oname:heads.csv_otype:lst_usecol:trgw-0-9-1
oname:heads.csv_otype:lst_usecol:trgw-0-9-1_time:4049.5,36.08715784,1.0,oname:heads.csv_otype:lst_usecol:trgw-0-9-1
oname:heads.csv_otype:lst_usecol:trgw-0-9-1_time:4077.5,36.17314614,1.0,oname:heads.csv_otype:lst_usecol:trgw-0-9-1
oname:heads.csv_otype:lst_usecol:trgw-0-9-1_time:4108.5,36.33173758,1.0,oname:heads.csv_otype:lst_usecol:trgw-0-9-1
oname:heads.csv_otype:lst_usecol:trgw-0-9-1_time:4138.5,36.49043555,1.0,oname:heads.csv_otype:lst_usecol:trgw-0-9-1
oname:heads.csv_otype:lst_usecol:trgw-0-9-1_time:4169.5,36.60058046,1.0,oname:heads.csv_otype:lst_usecol:trgw-0-9-1
oname:heads.csv_otype:lst_usecol:trgw-0-9-1_time:4199.5,36.61201874,1.0,oname:heads.csv_otype:lst_usecol:trgw-0-9-1
oname:heads.csv_otype:lst_usecol:trgw-0-9-1_time:4230.5,36.50689295,1.0,oname:heads.csv_otype:lst_usecol:trgw-0-9-1
oname:heads.csv_otype:lst_usecol:trgw-0-9-1_time:4261.5,36.30209338,1.0,oname:heads.csv_otype:lst_usecol:trgw-0-9-1
oname:heads.csv_otype:lst_usecol:trgw-0-9-1_time:4291.5,36.049412,1.0,oname:heads.csv_otype:lst_usecol:trgw-0-9-1
oname:heads.csv_otype:lst_usecol:trgw-0-9-1_time:4322.5,35.79146946,1.0,oname:heads.csv_otype:lst_usecol:trgw-0-9-1
oname:heads.csv_otype:lst_usecol:trgw-0-9-1_time:4352.5,35.60239733,1.0,oname:heads.csv_otype:lst_usecol:trgw-0-9-1
oname:heads.csv_otype:lst_usecol:trgw-0-9-1_time:4383.5,35.55984105,1.0,oname:heads.csv_otype:lst_usecol:trgw-0-9-1
